<?xml version="1.0" encoding="UTF-8"?>
<TIPPManifest xmlns:xsi="http://www.w3.org/2001/XMLSchema-instance"
    xmlns="https://github.com/tipp-specification/2_0/"
    xsi:schemaLocation="https://github.com/tipp-specification/2_0/schema/TIPPManifest.xsd" version="2.0">
  <GlobalDescriptor>
    <UniquePackageID>urn:uuid:84983-zzz-0091-alpppq-184903b-aj1239</UniquePackageID>
    <Creator>
      <Name>Test Testerson</Name><!-- Name of the company, that created the TIPP response-->
      <ID>https://www.testorga.net/</ID><!-- ID of the company, that created the TIPP response -->
      <Date>2019-03-27T19:03:15</Date><!-- Creation date of the TIPP response -->
      <Tool>
          <ToolName>translate5</ToolName><!-- Name of the tool, that created the TIPP response -->
          <ToolID>https://www.translate5.net/</ToolID><!-- ID of the tool, that created the TIPP response -->
          <ToolVersion>3.0.7</ToolVersion>
      </Tool>
    </Creator>
  </GlobalDescriptor>
  <TaskResponse>
    <InResponseTo>
    <TaskType>https://github.com/tipp-specification/2_0/tasks/translate-strict-bitext</TaskType><!-- URI of the task type that is contained in the current TIPP package. As for TIPP 2.0 standard task types are "Translate-Strict-Bitext" and "Prepare-Specifications". One TIPP package can only contain one task type. A tool has to respond with an error, if it does not support the task type of the package -->
      <SourceLanguage>en-US</SourceLanguage>
      <TargetLanguage>fr-FR</TargetLanguage>
	  <Modules><!-- The "Translate-Strict-Bitext" task type allows to define, which XLIFF 2.x modules are used in the contained xliff files and if their usage is required when parsing the TIPP package  -->
		<Module required="no">its</Module>
      </Modules>
      <UniquePackageID>urn:uuid:12345-abc-6789-aslkjd-19193la-as9911</UniquePackageID>
      <Creator>
		  <Name>Test Company</Name><!-- Name of the company, that created the TIPP request -->
		  <ID>http://127.0.0.1/test</ID><!-- ID of the company, that created the TIPP request -->
		  <Date>2019-03-27T17:45:00Z</Date><!-- Creation date of the TIPP request -->
		  <Tool>
			  <ToolName>TestTool</ToolName><!-- Name of the tool, that created the TIPP request -->
			  <ToolID>http://translation-commons.org/</ToolID><!-- ID of the tool, that created the TIPP request -->
			  <ToolVersion>1.0</ToolVersion>
		  </Tool>
      </Creator>
    </InResponseTo>
    <Response>Success</Response>
    <Comment />
  </TaskResponse>
  <Resources>
    <Bilingual name="bilingual">
		<Name>XLIFF - Wikipedia.html.xliff</Name><!-- the name element is optional, it can be different of the filename listed in the location. The purpose is to be able to remove characters from the filename in the location element (and the actual filename in the actual TIPP package), that are not allowed according to the TIPP specification. But to be able to preserve the orginal name of the file from before the creation of the zip. In the example whitespacses have been removed for the creation of the TIPP package from the file name. -->
        <Location>XLIFF-Wikipedia.html.xliff</Location>
    </Bilingual>
  </Resources>
</TIPPManifest>
