<?xml version="1.0" encoding="UTF-8"?>
<TIPPManifest xmlns:xsi="http://www.w3.org/2001/XMLSchema-instance"
    xmlns="https://github.com/tipp-specification/2_0/"
    xsi:schemaLocation="https://github.com/tipp-specification/2_0/schema/TIPPManifest.xsd" version="2.0">
  <GlobalDescriptor>
    <UniquePackageID>urn:uuid:12345-abc-6789-aslkjd-19193la-as9911</UniquePackageID><!-- unique package ID to identify the TIPP package -->
    <Creator>
      <Name>Test Company</Name><!-- Name of the company, that created the TIPP -->
      <ID>http://127.0.0.1/test</ID><!-- ID of the company, that created the TIPP -->
      <Date>2019-03-27T17:45:00Z</Date><!-- Creation date of the TIPP -->
      <Tool>
        <ToolName>TestTool</ToolName><!-- Name of the tool, that created the TIPP -->
        <ToolID>http://translation-commons.org/</ToolID><!-- ID of the tool, that created the TIPP -->
        <ToolVersion>1.0</ToolVersion>
      </Tool>
    </Creator>
  </GlobalDescriptor>
  <TaskRequest>
    <TaskType>https://github.com/tipp-specification/2_0/tasks/translate-strict-bitext</TaskType><!-- URI of the task type that is contained in the current TIPP package. As for TIPP 2.0 standard task types are "Translate-Strict-Bitext" and "Prepare-Specifications". One TIPP package can only contain one task type. A tool has to respond with an error, if it does not support the task type of the package -->
    <SourceLanguage>en-US</SourceLanguage>
    <TargetLanguage>fr-FR</TargetLanguage>
    <Modules><!-- The "Translate-Strict-Bitext" task type allows to define, which XLIFF 2.x modules are used in the contained xliff files and if their usage is required when parsing the TIPP package  -->
		<Module required="no">its</Module>
    </Modules>
    <TerminologyPrecedence>terminology</TerminologyPrecedence>
  </TaskRequest>
  <Resources>
    <Bilingual name="bilingual">
      <File sequence="1">
        <Name>XLIFF - Wikipedia.html.xliff</Name><!-- the name element is optional, it can be different of the filename listed in the location. The purpose is to be able to remove characters from the filename in the location element (and the actual filename in the actual TIPP package), that are not allowed according to the TIPP specification. But to be able to preserve the orginal name of the file from before the creation of the zip. In the example whitespacses have been removed for the creation of the TIPP package from the file name. -->
        <Location>XLIFF-Wikipedia.html.xliff</Location>
      </File>
    </Bilingual>
    <Preview name="preview">
      <File sequence="1">
        <Location>XLIFF-Wikipedia.html</Location>
      </File>
      <File sequence="2">
        <Name>resources/script1.js</Name>
        <Location>resources/script1.js</Location>
      </File>
      <File sequence="3">
        <Name>resources/styles1.css</Name>
        <Location>resources/styles1.css</Location>
      </File>
      <File sequence="4">
        <Name>resources/styles2.css</Name>
        <Location>resources/styles2.css</Location>
      </File>
      <File sequence="5">
        <Name>resources/styles3.css</Name>
        <Location>resources/styles3.css</Location>
      </File>
    </Preview>
    <STS name="sts">
      <File sequence="1">
        <Location>specifications.xml</Location>
      </File>
    </STS>
    <Reference name="reference">
      <ReferenceFile sequence="1">
          <Location>XLIFF-Wikipedia.html.pdf</Location>
      </ReferenceFile>
	  <ReferenceFile sequence="1" languageChoice="source"><!-- the languageChoice attribute is optional and prescribes, if the reference file refers to source or target. It can have the values "source" and "target" -->
          <Location>XLIFF-Wikipedia.html.pdf</Location>
      </ReferenceFile>
    </Reference>
    <Tm name="tm">
		<File sequence="1">
			<Name>xliff translation.tmx</Name>
			<Location>xliff-translation.tmx</Location>
      </File>
    </Tm>
    <Terminology name="terminology">
		<File sequence="1">
			<Name>example.tbx</Name>
			<Location>example.tbx</Location>
      </File>
    </Terminology>
  </Resources>
</TIPPManifest>
